name,url
580 Inspirational Quotes That Will Make 2019 Your Best Year Ever,http://wisdomquotes.com/inspirational-quotes/
300 Inspiring Life Quotes That Will Move You (Deeply),http://wisdomquotes.com/life-quotes/
350 Happiness Quotes That Will Make You Smile (Instantly),http://wisdomquotes.com/happiness-quotes/
450 Motivational Quotes That Will Inspire Success In Your Life,http://wisdomquotes.com/motivational-quotes/
1000+ Short Quotes That Will Inspire You (Fast),http://wisdomquotes.com/short-quotes/
444 Funny Quotes From The Worldâ€™s Funniest People,http://wisdomquotes.com/funny-quotes/
470 Love Quotes That Will Inspire Romance In Your Life,http://wisdomquotes.com/love-quotes/
458 Fascinating Wisdom Quotes From The Best Minds (Ever),http://wisdomquotes.com/words-of-wisdom/
320 Beautiful Dalai Lama Quotes For More Peace In Your Life,http://wisdomquotes.com/dalai-lama-quotes-tenzin-gyatso/
420 Top Stoic Quotes That Will Give You Perspective,http://wisdomquotes.com/stoic-quotes/
440 Fear Quotes That Will Make You More Courageous,http://wisdomquotes.com/fear-quotes/
420 Best Famous Quotes By Famous People (Alive And Dead),http://wisdomquotes.com/famous-quotes/
330 Inner Peace Quotes That Will Calm Your Mind,http://wisdomquotes.com/inner-peace-quotes/
380 Solitude Quotes That Will Make You Feel Powerful,http://wisdomquotes.com/solitude-quotes/
410 Inspirational Learning Quotes That Will Grow Your Mind,http://wisdomquotes.com/learning-quotes/
250 Sister Quotes That Will Make You Feel Grateful,http://wisdomquotes.com/sister-quotes/
350 Humility Quotes That Will Inspire You To Be Humble,http://wisdomquotes.com/humility-quotes/
390 Quotes About Strength That Will Make You More Resilient,http://wisdomquotes.com/strength-quotes/
290 Brother Quotes That Will Make You Feel Lucky,http://wisdomquotes.com/brother-quotes/
440 Time Quotes That Will Inspire You Deeply,http://wisdomquotes.com/time-quotes/
400 Positive Quotes That Will Make Your Day Wonderful,http://wisdomquotes.com/positive-quotes/
500 Of The Best Ralph Waldo Emerson Quotes Of All Time,http://wisdomquotes.com/ralph-waldo-emerson-quotes/
560 Powerful Money Quotes That Will Make You Wealthier,http://wisdomquotes.com/money-quotes/
330 Failure Quotes That Will Make You More Daring,http://wisdomquotes.com/failure-quotes/
360 Confidence Quotes That Will Help You Believe In Yourself,http://wisdomquotes.com/confidence-quotes/
390 Writing Quotes And Tips By The Best Writers Of All Time,http://wisdomquotes.com/writing-quotes/
350 Best Spiritual Quotes That Will Enrich Your Life,http://wisdomquotes.com/spiritual-quotes/
460 Mahatma Gandhi Quotes To Bring The Best Out Of You,http://wisdomquotes.com/gandhi-quotes/
340 Pain Quotes That Will Make You Feel Stronger,http://wisdomquotes.com/pain-quotes/
460 Bruce Lee Quotes To Skyrocket Your Personal Growth,http://wisdomquotes.com/bruce-lee-quotes/
360 Patience Quotes That Will Make You Tougher (And Wiser),http://wisdomquotes.com/patience-quotes/
360 Death Quotes That Will Bring You Instant Calm,http://wisdomquotes.com/death-quotes/
460 Hard Work Quotes That Will Help You Achieve More,http://wisdomquotes.com/hard-work-quotes/
"330 Health Quotes For A Better Mind, Body (And Life)",http://wisdomquotes.com/health-quotes/
260 Peace Quotes That Will Inspire Unity In The World,http://wisdomquotes.com/peace-quotes/
400 Beautiful Quotes That Will Make Your Day Magical,http://wisdomquotes.com/beautiful-quotes/
350 Quotes About Change And Growth (To Improve Your Life),http://wisdomquotes.com/change-quotes/
380 Introvert Quotes That Will Comfort You,http://wisdomquotes.com/introvert-quotes/
290 Hope Quotes That Will Empower You,http://wisdomquotes.com/hope-quotes/
400 Travel Quotes That Will Inspire Your Next Adventure,http://wisdomquotes.com/travel-quotes/
300 Trust Quotes (And Images) That Will Inspire You,http://wisdomquotes.com/trust-quotes/
270 Martin Luther King Jr Quotes That Will Move Your Soul,http://wisdomquotes.com/martin-luther-king-jr-quotes/
400 Powerful Freedom Quotes That Will Set You Free,http://wisdomquotes.com/freedom-quotes/
460 Humanity Quotes That Will Inspire You To Change The World,http://wisdomquotes.com/humanity-quotes/
500 Simplicity Quotes That Will Transform Your Life,http://wisdomquotes.com/simplicity-quotes/
310 Inspiring Music Quotes That Will Fuel Your Soul,http://wisdomquotes.com/music-quotes/
330 Attitude Quotes That Will Help You Be More Positive,http://wisdomquotes.com/attitude-quotes/
290 Smile Quotes That Will Make Your Day Beautiful,http://wisdomquotes.com/smile-quotes/
400 Art Quotes That Will Inspire The Artist In You,http://wisdomquotes.com/art-quotes/
280 Amazing Silence Quotes That Will Make You Feel Calm,http://wisdomquotes.com/silence-quotes/
300 Good Morning Quotes And Images That Will Enrich Your Day,http://wisdomquotes.com/good-morning-quotes/
300 Rumi Quotes That Will Expand Your Mind (Instantly),http://wisdomquotes.com/rumi-quotes/
400 Deep Quotes That Will Make You Think (In New Ways),http://wisdomquotes.com/deep-quotes/
The Best Nature Quotes (Here Are 450 Of The Most Beautiful),http://wisdomquotes.com/nature-quotes/
400 Respect Quotes That Will Make Your Life Better (Today),http://wisdomquotes.com/respect-quotes/
620 Leadership Quotes That Will Make You Feel Unstoppable,http://wisdomquotes.com/leadership-quotes/
350 Family Quotes That Will Improve Your Relationships Fast,http://wisdomquotes.com/family-quotes/
440 Kindness Quotes That Will Make You A Better Person,http://wisdomquotes.com/kindness-quotes/
600 Tim Ferriss Quotes That Will Boost Your Mind (And Life),http://wisdomquotes.com/tim-ferriss-quotes/
510 Marcus Aurelius Quotes (To Give Your Life A Quick Boost),http://wisdomquotes.com/marcus-aurelius-quotes/
500 Success Quotes That Will Make You Fearless And Bold,http://wisdomquotes.com/success-quotes/
370 Brilliant History Quotes Guaranteed To Inspire You,http://wisdomquotes.com/history-quotes/
400 Albert Einstein Quotes That Will Move (And Surprise You),http://wisdomquotes.com/albert-einstein-quotes/
350 Badass Maya Angelou Quotes That Will Blow Your Mind,http://wisdomquotes.com/maya-angelou-quotes/
320 Friendship Quotes That You (And Your Best Friends) Will Love,http://wisdomquotes.com/friendship-quotes/
260 Gratitude Quotes That Will Double Your Happiness,http://wisdomquotes.com/gratitude-quotes/
310 Creativity Quotes That Will Boost Your Work (And Life),http://wisdomquotes.com/creativity-quotes/
Benjamin Franklin Quote About Safety And Liberty,http://wisdomquotes.com/liberty-safety-benjamin-franklin/
298 Lovely Children Quotes That Will Melt Your Heart,http://wisdomquotes.com/children-quotes/
George Santayana Quote About History,http://wisdomquotes.com/learn-from-history-george-santayana/
